Rank,Name,Median_score,Cooperation_rating,Wins,Initial_C_rate,CC_rate,CD_rate,DC_rate,DD_rate,CC_to_C_rate,CD_to_C_rate,DC_to_C_rate,DD_to_C_rate
0,RichardHufford,3.20571428571,0.7942857142857143,6.5,1.0,0.7714285714285714,0.02285714285714286,0.17142857142857149,0.03428571428571429,0.862380091556,0.416666666667,0.799651567944,0.105263157895
1,PSO Gambler Mem1,3.04428571429,0.8,1.5,1.0,0.7671428571428571,0.032857142857142856,0.1357142857142857,0.0642857142857143,1.0,0.515151515152,0,0.201417004049
2,Hopeless,2.81714285714,0.6414285714285715,5.0,0.357142857143,0.3528571428571428,0.2885714285714286,0.35000000000000003,0.008571428571428572,0,1.0,1.0,1.0
3,Soft Go By Majority: 5,2.75428571429,0.9085714285714286,0.0,1.0,0.7657142857142857,0.14285714285714288,0.09142857142857144,0.0,1.0,0.833333333333,1.0,0
4,Once Bitten,2.75142857143,1.0,0.0,1.0,0.9171428571428571,0.08285714285714287,0.0,0.0,1.0,1.0,0,0
5,Slow Tit For Two Tats 2,2.75142857143,1.0,0.0,1.0,0.9171428571428571,0.08285714285714287,0.0,0.0,1.0,1.0,0,0
6,Soft Go By Majority: 20,2.72857142857,0.9685714285714285,0.0,1.0,0.8571428571428571,0.11142857142857143,0.03142857142857143,0.0,1.0,0.683080808081,1.0,0
7,Hard Go By Majority: 5,2.72,0.8057142857142857,4.0,0.0,0.6342857142857142,0.17142857142857143,0.15571428571428572,0.038571428571428576,1.0,0.591463414634,0.88658008658,0
